{
    "batchName": "Maxwell",
    "batchTime": 1655798292,
    "boardConf": "nIR-C00M00-00",
    "boardCustom": "",
    "boardName": "DM9098",
    "boardOptions": 0,
    "boardRev": "R3M2E3",
    "cameraData": [
        [
            0,
            {
                "cameraType": 0,
                "distortionCoeff": [
                    40.783905029296875,
                    -348.3666687011719,
                    5.9868845710298046e-05,
                    0.0015825569862499833,
                    861.8342895507813,
                    40.084312438964844,
                    -343.3837890625,
                    849.7052001953125,
                    0.0,
                    0.0,
                    0.0,
                    0.0,
                    0.0,
                    0.0
                ],
                "extrinsics": {
                    "rotationMatrix": [
                        [
                            0.0,
                            0.0,
                            0.0
                        ],
                        [
                            0.0,
                            0.0,
                            0.0
                        ],
                        [
                            0.0,
                            0.0,
                            0.0
                        ]
                    ],
                    "specTranslation": {
                        "x": -0.0,
                        "y": -0.0,
                        "z": -0.0
                    },
                    "toCameraSocket": -1,
                    "translation": {
                        "x": 0.0,
                        "y": 0.0,
                        "z": 0.0
                    }
                },
                "height": 2160,
                "intrinsicMatrix": [
                    [
                        3060.68701171875,
                        0.0,
                        1997.737548828125
                    ],
                    [
                        0.0,
                        3060.68701171875,
                        860.2412109375
                    ],
                    [
                        0.0,
                        0.0,
                        1.0
                    ]
                ],
                "lensPosition": 0,
                "specHfovDeg": 68.7938003540039,
                "width": 3840
            }
        ],
        [
            1,
            {
                "cameraType": 0,
                "distortionCoeff": [
                    1.9028538465499878,
                    17.212007522583008,
                    0.0010208244202658534,
                    0.0010353355901315808,
                    -33.1627197265625,
                    1.6761093139648438,
                    18.01025390625,
                    -33.84390640258789,
                    0.0,
                    0.0,
                    0.0,
                    0.0,
                    0.0,
                    0.0
                ],
                "extrinsics": {
                    "rotationMatrix": [
                        [
                            0.9992290139198303,
                            0.013262354768812656,
                            -0.03695191442966461
                        ],
                        [
                            -0.01309153251349926,
                            0.9999024868011475,
                            0.004860971588641405
                        ],
                        [
                            0.03701277822256088,
                            -0.004373466596007347,
                            0.999305248260498
                        ]
                    ],
                    "specTranslation": {
                        "x": -7.5,
                        "y": 0.0,
                        "z": 0.0
                    },
                    "toCameraSocket": 2,
                    "translation": {
                        "x": -7.478990077972412,
                        "y": 0.056869082152843475,
                        "z": -0.2497626096010208
                    }
                },
                "height": 800,
                "intrinsicMatrix": [
                    [
                        795.350341796875,
                        0.0,
                        621.5861206054688
                    ],
                    [
                        0.0,
                        795.350341796875,
                        399.4223327636719
                    ],
                    [
                        0.0,
                        0.0,
                        1.0
                    ]
                ],
                "lensPosition": 0,
                "specHfovDeg": 71.86000061035156,
                "width": 1280
            }
        ],
        [
            2,
            {
                "cameraType": 0,
                "distortionCoeff": [
                    9.469870567321777,
                    -0.11304044723510742,
                    0.0020785965025424957,
                    -6.215123721631244e-05,
                    -21.457963943481445,
                    9.118797302246094,
                    1.1267484426498413,
                    -22.511186599731445,
                    0.0,
                    0.0,
                    0.0,
                    0.0,
                    0.0,
                    0.0
                ],
                "extrinsics": {
                    "rotationMatrix": [
                        [
                            0.9994365572929382,
                            -0.007114534266293049,
                            0.032802533358335495
                        ],
                        [
                            0.006964012980461121,
                            0.999964714050293,
                            0.004700673744082451
                        ],
                        [
                            -0.032834820449352264,
                            -0.004469587933272123,
                            0.9994508028030396
                        ]
                    ],
                    "specTranslation": {
                        "x": 3.75,
                        "y": 0.0,
                        "z": 0.0
                    },
                    "toCameraSocket": 0,
                    "translation": {
                        "x": 3.7652127742767334,
                        "y": -0.04768185690045357,
                        "z": -0.2854562997817993
                    }
                },
                "height": 800,
                "intrinsicMatrix": [
                    [
                        797.3822021484375,
                        0.0,
                        625.1200561523438
                    ],
                    [
                        0.0,
                        797.3822021484375,
                        373.7009582519531
                    ],
                    [
                        0.0,
                        0.0,
                        1.0
                    ]
                ],
                "lensPosition": 0,
                "specHfovDeg": 71.86000061035156,
                "width": 1280
            }
        ]
    ],
    "hardwareConf": "F1-FV00-BC000",
    "imuExtrinsics": {
        "rotationMatrix": [
            [
                0.0,
                0.0,
                0.0
            ],
            [
                0.0,
                0.0,
                0.0
            ],
            [
                0.0,
                0.0,
                0.0
            ]
        ],
        "specTranslation": {
            "x": 0.0,
            "y": 0.0,
            "z": 0.0
        },
        "toCameraSocket": -1,
        "translation": {
            "x": 0.0,
            "y": 0.0,
            "z": 0.0
        }
    },
    "miscellaneousData": [],
    "productName": "OAK-D S2 FF",
    "stereoRectificationData": {
        "leftCameraSocket": 1,